sub_category_id,product_id
1,54
1,60
1,61
1,62
1,63
1,84
1,107
1,108
1,109
1,110
1,111
1,112
1,117
1,118
1,130
1,132
1,133
1,134
1,171
1,172
1,173
1,174
1,175
1,176
1,177
1,178
1,179
1,180
1,182
1,183
1,184
1,187
1,188
1,193
1,194
1,195
1,199
1,200
1,201
1,202
1,203
1,217
1,218
1,219
1,220
1,221
1,228
1,230
1,256
1,257
1,258
1,323
1,324
1,327
1,328
1,331
1,413
1,414
1,415
1,416
1,417
1,491
1,492
1,493
1,494
1,495
1,496
1,497
1,498
1,499
1,500
1,501
1,502
1,503
1,504
1,505
1,506
1,507
1,511
1,539
1,540
1,541
1,542
1,543
1,551
1,556
1,557
1,559
1,560
1,563
1,564
1,569
1,612
1,626
1,627
1,698
1,710
1,711
1,713
1,720
1,721
1,722
1,723
1,724
1,725
1,726
1,727
1,728
1,729
1,730
1,731
1,753
1,755
1,794
1,795
1,796
1,797
1,798
1,801
1,803
1,806
1,808
1,809
1,814
1,822
1,842
1,879
1,885
1,886
1,888
1,898
1,899
1,902
1,904
1,905
1,906
1,907
1,908
1,909
1,923
1,973
2,1
2,42
2,43
2,47
2,55
2,56
2,57
2,58
2,64
2,65
2,66
2,67
2,68
2,72
2,75
2,78
2,79
2,80
2,81
2,85
2,86
2,87
2,88
2,89
2,90
2,91
2,98
2,99
2,100
2,101
2,102
2,103
2,104
2,113
2,114
2,115
2,116
2,119
2,120
2,121
2,122
2,123
2,124
2,125
2,126
2,127
2,128
2,129
2,131
2,135
2,136
2,137
2,138
2,142
2,143
2,144
2,145
2,146
2,148
2,149
2,151
2,152
2,153
2,154
2,155
2,156
2,157
2,158
2,159
2,160
2,161
2,162
2,163
2,164
2,165
2,166
2,167
2,168
2,169
2,170
2,181
2,185
2,186
2,189
2,204
2,205
2,206
2,207
2,208
2,211
2,215
2,216
2,222
2,223
2,224
2,226
2,227
2,229
2,231
2,232
2,233
2,234
2,235
2,236
2,237
2,238
2,239
2,240
2,241
2,242
2,243
2,244
2,245
2,246
2,247
2,248
2,249
2,250
2,252
2,253
2,254
2,259
2,260
2,261
2,262
2,264
2,266
2,267
2,269
2,270
2,271
2,272
2,273
2,279
2,283
2,284
2,285
2,291
2,293
2,297
2,298
2,300
2,301
2,302
2,303
2,304
2,305
2,306
2,307
2,308
2,309
2,310
2,311
2,312
2,313
2,314
2,315
2,316
2,317
2,318
2,319
2,320
2,321
2,322
2,325
2,326
2,329
2,330
2,332
2,333
2,334
2,335
2,336
2,337
2,338
2,339
2,340
2,341
2,342
2,343
2,344
2,345
2,346
2,347
2,348
2,349
2,350
2,351
2,352
2,353
2,354
2,355
2,356
2,357
2,358
2,359
2,360
2,361
2,362
2,363
2,364
2,365
2,366
2,367
2,368
2,369
2,379
2,380
2,381
2,382
2,383
2,384
2,385
2,388
2,389
2,390
2,391
2,392
2,394
2,398
2,399
2,400
2,401
2,402
2,404
2,405
2,406
2,407
2,408
2,410
2,411
2,412
2,418
2,419
2,420
2,421
2,422
2,423
2,425
2,426
2,427
2,428
2,429
2,430
2,431
2,432
2,433
2,434
2,435
2,436
2,437
2,438
2,439
2,440
2,441
2,442
2,443
2,444
2,445
2,446
2,447
2,448
2,449
2,450
2,451
2,452
2,453
2,454
2,455
2,456
2,457
2,458
2,459
2,460
2,461
2,462
2,463
2,464
2,465
2,466
2,467
2,468
2,469
2,470
2,471
2,472
2,473
2,474
2,475
2,476
2,477
2,478
2,479
2,480
2,481
2,482
2,483
2,484
2,485
2,486
2,487
2,488
2,489
2,490
2,508
2,509
2,510
2,512
2,516
2,517
2,518
2,519
2,520
2,521
2,522
2,523
2,524
2,525
2,526
2,527
2,528
2,529
2,530
2,531
2,532
2,533
2,534
2,535
2,536
2,537
2,538
2,544
2,545
2,546
2,547
2,548
2,549
2,550
2,552
2,553
2,558
2,561
2,562
2,565
2,566
2,567
2,568
2,570
2,571
2,572
2,573
2,574
2,575
2,576
2,577
2,578
2,579
2,580
2,581
2,582
2,583
2,584
2,585
2,586
2,587
2,588
2,589
2,590
2,591
2,592
2,593
2,594
2,595
2,596
2,597
2,598
2,599
2,600
2,601
2,602
2,603
2,608
2,609
2,610
2,613
2,614
2,615
2,616
2,617
2,618
2,619
2,620
2,621
2,622
2,623
2,624
2,625
2,628
2,629
2,630
2,631
2,632
2,633
2,634
2,635
2,636
2,637
2,638
2,639
2,640
2,641
2,642
2,643
2,644
2,645
2,646
2,647
2,648
2,649
2,658
2,659
2,664
2,682
2,691
2,692
2,695
2,696
2,699
2,700
2,701
2,702
2,703
2,704
2,705
2,706
2,707
2,708
2,712
2,714
2,715
2,716
2,717
2,718
2,719
2,734
2,735
2,736
2,738
2,739
2,740
2,741
2,742
2,743
2,744
2,745
2,746
2,747
2,748
2,749
2,750
2,751
2,752
2,754
2,756
2,757
2,758
2,759
2,760
2,761
2,762
2,763
2,764
2,765
2,766
2,767
2,768
2,769
2,770
2,771
2,772
2,773
2,774
2,775
2,776
2,778
2,780
2,781
2,799
2,800
2,802
2,804
2,805
2,807
2,810
2,811
2,812
2,813
2,815
2,816
2,817
2,818
2,819
2,820
2,821
2,823
2,824
2,825
2,826
2,827
2,828
2,829
2,830
2,831
2,832
2,833
2,834
2,835
2,836
2,837
2,838
2,839
2,840
2,841
2,843
2,844
2,845
2,846
2,847
2,848
2,849
2,860
2,861
2,863
2,864
2,865
2,866
2,867
2,868
2,869
2,870
2,871
2,872
2,877
2,878
2,880
2,881
2,882
2,883
2,884
2,887
2,889
2,890
2,891
2,892
2,893
2,894
2,895
2,896
2,897
2,900
2,901
2,903
2,911
2,912
2,913
2,914
2,915
2,917
2,918
2,919
2,920
2,921
2,922
2,924
2,925
2,926
2,927
2,928
2,929
2,930
2,931
2,932
2,933
2,934
2,935
2,936
2,937
2,938
2,939
2,940
2,941
2,942
2,943
2,944
2,945
2,946
2,947
2,948
2,949
2,950
2,951
2,952
2,953
2,954
2,955
2,956
2,957
2,958
2,959
2,960
2,961
2,962
2,963
2,964
2,965
2,966
2,967
2,968
2,969
2,970
2,971
2,972
2,974
2,975
2,976
2,977
2,978
2,979
3,2
3,3
3,4
3,5
3,6
3,7
3,8
3,9
3,10
3,11
3,12
3,13
3,14
3,15
3,16
3,17
3,18
3,19
3,20
3,21
3,22
3,23
3,24
3,25
3,26
3,27
3,28
3,29
3,30
3,31
3,32
3,33
3,34
3,35
3,36
3,37
3,38
3,39
3,40
3,41
3,44
3,45
3,46
3,48
3,49
3,50
3,51
3,52
3,53
3,59
3,69
3,70
3,71
3,73
3,74
3,76
3,77
3,82
3,83
3,92
3,93
3,94
3,95
3,96
3,97
3,105
3,106
3,139
3,140
3,141
3,147
3,150
3,190
3,191
3,192
3,196
3,197
3,198
3,209
3,210
3,212
3,213
3,214
3,225
3,251
3,255
3,263
3,265
3,268
3,274
3,275
3,276
3,277
3,278
3,280
3,281
3,282
3,286
3,287
3,288
3,289
3,290
3,292
3,294
3,295
3,296
3,299
3,370
3,371
3,372
3,373
3,374
3,375
3,376
3,377
3,378
3,386
3,387
3,393
3,395
3,396
3,397
3,403
3,409
3,424
3,513
3,514
3,515
3,554
3,555
3,604
3,605
3,606
3,607
3,611
3,650
3,651
3,652
3,653
3,654
3,655
3,656
3,657
3,660
3,661
3,662
3,663
3,665
3,666
3,667
3,668
3,669
3,670
3,671
3,672
3,673
3,674
3,675
3,676
3,677
3,678
3,679
3,680
3,681
3,683
3,684
3,685
3,686
3,687
3,688
3,689
3,690
3,693
3,694
3,697
3,709
3,732
3,733
3,737
3,777
3,779
3,782
3,783
3,784
3,785
3,786
3,787
3,788
3,789
3,790
3,791
3,792
3,793
3,850
3,851
3,852
3,853
3,854
3,855
3,856
3,857
3,858
3,859
3,862
3,873
3,874
3,875
3,876
3,910
3,916
3,980
4,1
4,2
4,3
4,4
4,5
4,6
4,7
4,8
4,9
4,12
4,13
4,14
4,15
4,41
4,42
4,43
4,44
4,45
4,46
4,54
4,56
4,57
4,60
4,61
4,62
4,64
4,65
4,84
4,85
4,91
4,103
4,107
4,108
4,109
4,110
4,111
4,112
4,115
4,117
4,118
4,122
4,130
4,132
4,133
4,134
4,157
4,159
4,163
4,169
4,171
4,172
4,173
4,174
4,175
4,176
4,177
4,178
4,179
4,180
4,181
4,182
4,183
4,184
4,186
4,187
4,188
4,193
4,195
4,199
4,200
4,201
4,203
4,216
4,217
4,218
4,219
4,220
4,221
4,227
4,228
4,229
4,230
4,232
4,233
4,234
4,235
4,236
4,238
4,239
4,254
4,256
4,257
4,258
4,259
4,260
4,301
4,316
4,318
4,319
4,320
4,323
4,324
4,325
4,326
4,327
4,328
4,329
4,330
4,331
4,334
4,335
4,337
4,342
4,343
4,346
4,349
4,350
4,413
4,414
4,415
4,416
4,417
4,427
4,429
4,431
4,436
4,439
4,450
4,454
4,467
4,469
4,471
4,477
4,486
4,487
4,489
4,491
4,492
4,493
4,494
4,495
4,496
4,497
4,498
4,499
4,500
4,501
4,502
4,503
4,504
4,505
4,506
4,507
4,508
4,509
4,511
4,526
4,529
4,532
4,533
4,536
4,537
4,538
4,539
4,540
4,541
4,542
4,543
4,545
4,550
4,551
4,556
4,557
4,558
4,559
4,560
4,561
4,562
4,563
4,564
4,565
4,566
4,567
4,568
4,569
4,570
4,572
4,573
4,575
4,576
4,594
4,595
4,602
4,612
4,613
4,614
4,615
4,616
4,617
4,619
4,621
4,626
4,627
4,628
4,630
4,632
4,633
4,634
4,635
4,637
4,691
4,696
4,698
4,699
4,710
4,711
4,712
4,713
4,719
4,720
4,721
4,722
4,723
4,724
4,726
4,727
4,728
4,729
4,730
4,731
4,733
4,738
4,741
4,746
4,748
4,753
4,756
4,794
4,795
4,796
4,797
4,798
4,799
4,801
4,802
4,803
4,804
4,805
4,806
4,807
4,808
4,809
4,810
4,811
4,812
4,813
4,814
4,815
4,816
4,817
4,818
4,819
4,822
4,823
4,827
4,829
4,831
4,832
4,833
4,835
4,842
4,843
4,844
4,879
4,882
4,884
4,885
4,886
4,889
4,890
4,891
4,893
4,896
4,897
4,898
4,899
4,901
4,902
4,904
4,905
4,906
4,907
4,908
4,909
4,920
4,922
4,923
4,924
4,933
4,935
4,938
4,945
4,946
4,955
4,957
4,972
4,973
4,975
4,976
4,977
5,10
5,11
5,16
5,17
5,18
5,19
5,20
5,21
5,22
5,23
5,24
5,25
5,26
5,27
5,28
5,29
5,30
5,31
5,32
5,33
5,34
5,35
5,36
5,63
5,66
5,68
5,72
5,75
5,78
5,86
5,87
5,88
5,113
5,116
5,120
5,123
5,125
5,131
5,158
5,160
5,162
5,164
5,168
5,194
5,197
5,202
5,204
5,205
5,215
5,223
5,226
5,231
5,237
5,240
5,242
5,243
5,244
5,245
5,248
5,249
5,253
5,261
5,262
5,264
5,265
5,266
5,267
5,272
5,309
5,312
5,313
5,315
5,317
5,332
5,333
5,336
5,338
5,339
5,340
5,344
5,345
5,347
5,348
5,351
5,359
5,362
5,379
5,383
5,390
5,412
5,418
5,420
5,426
5,428
5,430
5,432
5,433
5,434
5,437
5,440
5,442
5,443
5,444
5,447
5,448
5,452
5,453
5,457
5,459
5,462
5,463
5,464
5,465
5,472
5,473
5,475
5,478
5,479
5,481
5,483
5,488
5,490
5,510
5,520
5,527
5,530
5,531
5,534
5,544
5,546
5,552
5,553
5,571
5,574
5,577
5,579
5,580
5,581
5,582
5,583
5,585
5,587
5,588
5,590
5,591
5,593
5,596
5,599
5,601
5,608
5,609
5,610
5,618
5,620
5,622
5,623
5,625
5,629
5,631
5,636
5,638
5,639
5,641
5,643
5,645
5,647
5,648
5,649
5,682
5,692
5,700
5,701
5,705
5,714
5,718
5,725
5,739
5,742
5,744
5,747
5,754
5,755
5,820
5,840
5,846
5,849
5,863
5,866
5,868
5,870
5,877
5,878
5,880
5,883
5,887
5,888
5,892
5,894
5,895
5,900
5,903
5,914
5,921
5,925
5,926
5,927
5,928
5,929
5,930
5,931
5,934
5,936
5,937
5,939
5,940
5,941
5,942
5,947
5,948
5,950
5,951
5,952
5,954
5,956
5,962
5,963
5,964
5,967
5,969
5,970
5,971
5,974
5,978
5,979
6,37
6,38
6,39
6,40
6,53
6,55
6,58
6,59
6,67
6,69
6,70
6,71
6,73
6,74
6,76
6,77
6,79
6,80
6,81
6,82
6,83
6,89
6,90
6,92
6,93
6,94
6,95
6,96
6,97
6,98
6,99
6,100
6,101
6,102
6,104
6,105
6,106
6,114
6,119
6,121
6,124
6,126
6,127
6,128
6,129
6,135
6,136
6,137
6,138
6,139
6,140
6,141
6,142
6,143
6,144
6,145
6,146
6,147
6,148
6,149
6,150
6,151
6,152
6,153
6,154
6,155
6,156
6,161
6,165
6,166
6,167
6,170
6,185
6,189
6,190
6,191
6,192
6,196
6,198
6,206
6,207
6,208
6,209
6,210
6,211
6,212
6,213
6,214
6,222
6,224
6,225
6,241
6,246
6,247
6,250
6,251
6,252
6,255
6,263
6,268
6,269
6,270
6,271
6,273
6,274
6,275
6,276
6,277
6,278
6,279
6,280
6,281
6,282
6,283
6,284
6,285
6,286
6,287
6,288
6,289
6,290
6,291
6,292
6,293
6,294
6,295
6,296
6,297
6,298
6,299
6,300
6,302
6,303
6,304
6,305
6,306
6,307
6,308
6,310
6,311
6,314
6,321
6,322
6,341
6,352
6,353
6,354
6,355
6,356
6,357
6,358
6,360
6,361
6,363
6,364
6,365
6,366
6,367
6,368
6,369
6,370
6,371
6,372
6,373
6,374
6,375
6,376
6,377
6,378
6,380
6,381
6,382
6,384
6,385
6,386
6,387
6,388
6,389
6,391
6,392
6,393
6,394
6,395
6,396
6,397
6,398
6,399
6,400
6,401
6,402
6,403
6,404
6,405
6,406
6,407
6,408
6,409
6,410
6,411
6,419
6,421
6,422
6,423
6,424
6,425
6,435
6,438
6,441
6,445
6,446
6,449
6,451
6,455
6,456
6,458
6,460
6,461
6,466
6,468
6,470
6,474
6,476
6,480
6,482
6,484
6,485
6,512
6,513
6,514
6,515
6,516
6,517
6,518
6,519
6,521
6,522
6,523
6,524
6,525
6,528
6,535
6,547
6,548
6,549
6,554
6,555
6,578
6,584
6,586
6,589
6,592
6,597
6,598
6,600
6,603
6,604
6,605
6,606
6,607
6,611
6,624
6,640
6,642
6,644
6,646
6,650
6,651
6,652
6,653
6,654
6,655
6,656
6,657
6,658
6,659
6,660
6,661
6,662
6,663
6,664
6,665
6,666
6,667
6,668
6,669
6,670
6,671
6,672
6,673
6,674
6,675
6,676
6,677
6,678
6,679
6,680
6,681
6,683
6,684
6,685
6,686
6,687
6,688
6,689
6,690
6,693
6,694
6,695
6,697
6,702
6,703
6,704
6,706
6,707
6,708
6,709
6,715
6,716
6,717
6,732
6,734
6,735
6,736
6,737
6,740
6,743
6,745
6,749
6,750
6,751
6,752
6,757
6,758
6,759
6,760
6,761
6,762
6,763
6,764
6,765
6,766
6,767
6,768
6,769
6,770
6,771
6,772
6,773
6,774
6,775
6,776
6,777
6,778
6,779
6,780
6,781
6,782
6,783
6,784
6,785
6,786
6,787
6,788
6,789
6,790
6,791
6,792
6,793
6,800
6,821
6,824
6,825
6,826
6,828
6,830
6,834
6,836
6,837
6,838
6,839
6,841
6,845
6,847
6,848
6,850
6,851
6,852
6,853
6,854
6,855
6,856
6,857
6,858
6,859
6,860
6,861
6,862
6,864
6,865
6,867
6,869
6,871
6,872
6,873
6,874
6,875
6,876
6,881
6,910
6,911
6,912
6,913
6,915
6,916
6,917
6,918
6,919
6,932
6,943
6,944
6,949
6,953
6,958
6,959
6,960
6,961
6,965
6,966
6,968
6,980
7,47
7,48
7,49
7,50
7,51
7,52
8,1
8,2
8,3
8,4
8,5
8,6
8,7
8,8
8,9
8,10
8,11
8,12
8,13
8,14
8,15
8,16
8,17
8,18
8,19
8,20
8,21
8,22
8,23
8,24
8,25
8,26
8,27
8,28
8,37
8,41
8,42
8,43
8,44
8,45
8,46
8,54
8,56
8,60
8,61
8,62
8,63
8,64
8,65
8,66
8,67
8,68
8,72
8,75
8,84
8,91
8,107
8,108
8,109
8,112
8,117
8,118
8,132
8,133
8,134
8,171
8,172
8,173
8,174
8,175
8,176
8,177
8,178
8,179
8,180
8,181
8,182
8,183
8,184
8,187
8,188
8,189
8,193
8,194
8,195
8,199
8,200
8,201
8,202
8,203
8,216
8,217
8,219
8,220
8,254
8,256
8,257
8,258
8,293
8,301
8,316
8,318
8,323
8,324
8,325
8,326
8,327
8,328
8,329
8,331
8,332
8,333
8,334
8,335
8,336
8,339
8,340
8,341
8,342
8,343
8,345
8,346
8,348
8,412
8,413
8,414
8,415
8,416
8,426
8,491
8,492
8,493
8,494
8,495
8,496
8,498
8,499
8,500
8,501
8,502
8,503
8,504
8,505
8,511
8,539
8,540
8,541
8,542
8,543
8,556
8,559
8,560
8,563
8,564
8,565
8,569
8,594
8,612
8,626
8,627
8,649
8,650
8,651
8,654
8,655
8,658
8,659
8,664
8,665
8,671
8,682
8,683
8,684
8,685
8,689
8,690
8,691
8,692
8,693
8,694
8,696
8,697
8,698
8,710
8,711
8,718
8,720
8,722
8,723
8,725
8,726
8,727
8,730
8,731
8,733
8,753
8,754
8,755
8,756
8,794
8,795
8,796
8,797
8,798
8,799
8,801
8,802
8,803
8,804
8,805
8,806
8,807
8,808
8,809
8,810
8,811
8,812
8,813
8,814
8,815
8,816
8,822
8,823
8,827
8,829
8,832
8,835
8,842
8,843
8,844
8,877
8,878
8,885
8,886
8,887
8,888
8,897
8,898
8,899
8,900
8,902
8,903
8,904
8,905
8,906
8,907
8,908
8,909
8,946
8,972
9,29
9,30
9,31
9,32
9,33
9,34
9,35
9,36
9,38
9,39
9,40
9,48
9,49
9,50
9,51
9,53
9,55
9,57
9,69
9,70
9,71
9,73
9,74
9,76
9,77
9,83
9,85
9,86
9,88
9,89
9,92
9,93
9,95
9,96
9,97
9,98
9,100
9,101
9,103
9,104
9,105
9,106
9,110
9,111
9,113
9,114
9,115
9,116
9,119
9,120
9,121
9,122
9,123
9,124
9,125
9,128
9,130
9,136
9,139
9,140
9,141
9,142
9,143
9,144
9,145
9,146
9,147
9,148
9,149
9,150
9,155
9,157
9,158
9,159
9,160
9,161
9,162
9,163
9,167
9,168
9,169
9,186
9,190
9,197
9,205
9,206
9,207
9,208
9,211
9,212
9,213
9,218
9,221
9,226
9,227
9,228
9,229
9,230
9,231
9,232
9,234
9,235
9,236
9,237
9,238
9,239
9,241
9,242
9,243
9,246
9,247
9,248
9,250
9,252
9,255
9,259
9,260
9,261
9,262
9,264
9,265
9,269
9,270
9,271
9,272
9,273
9,276
9,277
9,280
9,281
9,282
9,283
9,284
9,285
9,286
9,287
9,288
9,289
9,290
9,291
9,294
9,295
9,297
9,298
9,299
9,303
9,304
9,305
9,306
9,307
9,313
9,314
9,319
9,320
9,330
9,337
9,338
9,344
9,347
9,349
9,350
9,351
9,352
9,353
9,354
9,355
9,356
9,358
9,359
9,360
9,361
9,362
9,369
9,370
9,371
9,372
9,373
9,374
9,375
9,376
9,377
9,378
9,379
9,380
9,381
9,382
9,385
9,386
9,393
9,394
9,395
9,396
9,397
9,400
9,402
9,403
9,404
9,406
9,408
9,417
9,427
9,428
9,429
9,430
9,431
9,432
9,436
9,437
9,438
9,439
9,440
9,443
9,444
9,450
9,454
9,455
9,456
9,461
9,463
9,469
9,470
9,471
9,472
9,477
9,478
9,479
9,480
9,483
9,484
9,485
9,486
9,487
9,488
9,489
9,490
9,497
9,506
9,507
9,508
9,509
9,510
9,512
9,513
9,514
9,515
9,517
9,519
9,523
9,524
9,526
9,527
9,528
9,529
9,530
9,531
9,532
9,533
9,534
9,535
9,536
9,537
9,538
9,544
9,545
9,546
9,551
9,557
9,558
9,561
9,562
9,566
9,567
9,568
9,570
9,571
9,572
9,573
9,574
9,575
9,576
9,577
9,578
9,579
9,580
9,581
9,582
9,583
9,584
9,585
9,586
9,587
9,590
9,591
9,592
9,593
9,595
9,601
9,602
9,610
9,611
9,613
9,614
9,615
9,616
9,617
9,618
9,619
9,620
9,621
9,628
9,629
9,630
9,631
9,632
9,633
9,634
9,639
9,640
9,669
9,670
9,672
9,673
9,677
9,679
9,686
9,687
9,688
9,695
9,699
9,701
9,705
9,706
9,707
9,709
9,712
9,713
9,714
9,715
9,716
9,717
9,719
9,721
9,724
9,728
9,729
9,732
9,734
9,736
9,737
9,738
9,739
9,740
9,741
9,742
9,743
9,746
9,747
9,748
9,750
9,751
9,757
9,758
9,761
9,771
9,782
9,783
9,784
9,785
9,786
9,787
9,788
9,789
9,790
9,791
9,800
9,817
9,818
9,819
9,820
9,821
9,824
9,825
9,826
9,830
9,831
9,833
9,834
9,837
9,838
9,839
9,840
9,841
9,850
9,851
9,852
9,853
9,856
9,859
9,860
9,870
9,871
9,873
9,876
9,879
9,880
9,881
9,882
9,883
9,884
9,889
9,890
9,891
9,892
9,893
9,894
9,896
9,901
9,910
9,911
9,916
9,918
9,919
9,920
9,921
9,922
9,923
9,924
9,925
9,933
9,934
9,935
9,936
9,937
9,938
9,945
9,951
9,952
9,953
9,955
9,956
9,957
9,960
9,961
9,962
9,963
9,968
9,973
9,975
9,976
9,977
9,979
10,47
10,52
10,58
10,59
10,78
10,79
10,80
10,81
10,82
10,87
10,90
10,94
10,99
10,102
10,126
10,127
10,129
10,131
10,135
10,137
10,138
10,151
10,152
10,153
10,154
10,156
10,164
10,165
10,166
10,170
10,185
10,191
10,192
10,196
10,198
10,204
10,209
10,210
10,214
10,215
10,222
10,223
10,224
10,225
10,233
10,240
10,244
10,245
10,249
10,251
10,253
10,263
10,266
10,267
10,268
10,274
10,275
10,278
10,279
10,292
10,296
10,300
10,302
10,308
10,309
10,310
10,311
10,312
10,315
10,317
10,321
10,322
10,357
10,363
10,364
10,365
10,366
10,367
10,368
10,383
10,384
10,387
10,388
10,389
10,390
10,391
10,392
10,398
10,399
10,401
10,405
10,407
10,409
10,410
10,411
10,418
10,419
10,420
10,421
10,422
10,423
10,424
10,425
10,433
10,434
10,435
10,441
10,442
10,445
10,446
10,447
10,448
10,449
10,451
10,452
10,453
10,457
10,458
10,459
10,460
10,462
10,464
10,465
10,466
10,467
10,468
10,473
10,474
10,475
10,476
10,481
10,482
10,516
10,518
10,520
10,521
10,522
10,525
10,547
10,548
10,549
10,550
10,552
10,553
10,554
10,555
10,588
10,589
10,596
10,597
10,598
10,599
10,600
10,603
10,604
10,605
10,606
10,607
10,608
10,609
10,622
10,623
10,624
10,625
10,635
10,636
10,637
10,638
10,641
10,642
10,643
10,644
10,645
10,646
10,647
10,648
10,652
10,653
10,656
10,657
10,660
10,661
10,662
10,663
10,666
10,667
10,668
10,674
10,675
10,676
10,678
10,680
10,681
10,700
10,702
10,703
10,704
10,708
10,735
10,744
10,745
10,749
10,752
10,759
10,760
10,762
10,763
10,764
10,765
10,766
10,767
10,768
10,769
10,770
10,772
10,773
10,774
10,775
10,776
10,777
10,778
10,779
10,780
10,781
10,792
10,793
10,828
10,836
10,845
10,846
10,847
10,848
10,849
10,854
10,855
10,857
10,858
10,861
10,862
10,863
10,864
10,865
10,866
10,867
10,868
10,869
10,872
10,874
10,875
10,895
10,912
10,913
10,914
10,915
10,917
10,926
10,927
10,928
10,929
10,930
10,931
10,932
10,939
10,940
10,941
10,942
10,943
10,944
10,947
10,948
10,949
10,950
10,954
10,958
10,959
10,964
10,965
10,966
10,967
10,969
10,970
10,971
10,974
10,978
10,980
11,41
11,42
11,43
11,44
11,56
11,60
11,171
11,172
11,173
11,184
11,200
11,733
11,822
12,1
12,2
12,4
12,5
12,6
12,7
12,8
12,9
12,10
12,11
12,12
12,13
12,14
12,15
12,16
12,17
12,18
12,22
12,23
12,24
12,25
12,29
12,30
12,31
12,36
12,38
12,45
12,46
12,53
12,54
12,57
12,58
12,61
12,63
12,64
12,65
12,66
12,67
12,68
12,69
12,72
12,73
12,75
12,91
12,100
12,174
12,178
12,182
12,183
12,199
12,222
12,243
12,254
12,256
12,293
12,320
12,323
12,346
12,359
12,384
12,412
12,454
12,455
12,462
12,463
12,466
12,467
12,468
12,475
12,476
12,483
12,484
12,485
12,491
12,495
12,498
12,534
12,535
12,550
12,556
12,569
12,581
12,587
12,588
12,589
12,591
12,592
12,594
12,595
12,601
12,602
12,610
12,617
12,618
12,622
12,634
12,635
12,636
12,637
12,638
12,655
12,656
12,657
12,663
12,664
12,665
12,669
12,670
12,671
12,677
12,682
12,691
12,692
12,693
12,694
12,696
12,698
12,710
12,734
12,756
12,757
12,800
12,801
12,802
12,805
12,823
12,832
12,835
12,842
12,843
12,844
12,856
12,873
12,877
12,878
12,897
12,910
12,972
12,973
13,3
13,19
13,20
13,21
13,26
13,27
13,28
13,32
13,33
13,34
13,35
13,37
13,39
13,40
13,47
13,48
13,49
13,50
13,51
13,52
13,55
13,59
13,62
13,70
13,71
13,74
13,76
13,77
13,78
13,79
13,80
13,81
13,82
13,83
13,84
13,85
13,86
13,87
13,88
13,89
13,90
13,92
13,93
13,94
13,95
13,96
13,97
13,98
13,99
13,101
13,102
13,103
13,104
13,105
13,106
13,107
13,108
13,109
13,110
13,111
13,112
13,113
13,114
13,115
13,116
13,117
13,118
13,119
13,120
13,121
13,122
13,123
13,124
13,125
13,126
13,127
13,128
13,129
13,130
13,131
13,132
13,133
13,134
13,135
13,136
13,137
13,138
13,139
13,140
13,141
13,142
13,143
13,144
13,145
13,146
13,147
13,148
13,149
13,150
13,151
13,152
13,153
13,154
13,155
13,156
13,157
13,158
13,159
13,160
13,161
13,162
13,163
13,164
13,165
13,166
13,167
13,168
13,169
13,170
13,175
13,176
13,177
13,179
13,180
13,181
13,185
13,186
13,187
13,188
13,189
13,190
13,191
13,192
13,193
13,194
13,195
13,196
13,197
13,198
13,201
13,202
13,203
13,204
13,205
13,206
13,207
13,208
13,209
13,210
13,211
13,212
13,213
13,214
13,215
13,216
13,217
13,218
13,219
13,220
13,221
13,223
13,224
13,225
13,226
13,227
13,228
13,229
13,230
13,231
13,232
13,233
13,234
13,235
13,236
13,237
13,238
13,239
13,240
13,241
13,242
13,244
13,245
13,246
13,247
13,248
13,249
13,250
13,251
13,252
13,253
13,255
13,257
13,258
13,259
13,260
13,261
13,262
13,263
13,264
13,265
13,266
13,267
13,268
13,269
13,270
13,271
13,272
13,273
13,274
13,275
13,276
13,277
13,278
13,279
13,280
13,281
13,282
13,283
13,284
13,285
13,286
13,287
13,288
13,289
13,290
13,291
13,292
13,294
13,295
13,296
13,297
13,298
13,299
13,300
13,301
13,302
13,303
13,304
13,305
13,306
13,307
13,308
13,309
13,310
13,311
13,312
13,313
13,314
13,315
13,316
13,317
13,318
13,319
13,321
13,322
13,324
13,325
13,326
13,327
13,328
13,329
13,330
13,331
13,332
13,333
13,334
13,335
13,336
13,337
13,338
13,339
13,340
13,341
13,342
13,343
13,344
13,345
13,347
13,348
13,349
13,350
13,351
13,352
13,353
13,354
13,355
13,356
13,357
13,358
13,360
13,361
13,362
13,363
13,364
13,365
13,366
13,367
13,368
13,369
13,370
13,371
13,372
13,373
13,374
13,375
13,376
13,377
13,378
13,379
13,380
13,381
13,382
13,383
13,385
13,386
13,387
13,388
13,389
13,390
13,391
13,392
13,393
13,394
13,395
13,396
13,397
13,398
13,399
13,400
13,401
13,402
13,403
13,404
13,405
13,406
13,407
13,408
13,409
13,410
13,411
13,413
13,414
13,415
13,416
13,417
13,418
13,419
13,420
13,421
13,422
13,423
13,424
13,425
13,426
13,427
13,428
13,429
13,430
13,431
13,432
13,433
13,434
13,435
13,436
13,437
13,438
13,439
13,440
13,441
13,442
13,443
13,444
13,445
13,446
13,447
13,448
13,449
13,450
13,451
13,452
13,453
13,456
13,457
13,458
13,459
13,460
13,461
13,464
13,465
13,469
13,470
13,471
13,472
13,473
13,474
13,477
13,478
13,479
13,480
13,481
13,482
13,486
13,487
13,488
13,489
13,490
13,492
13,493
13,494
13,496
13,497
13,499
13,500
13,501
13,502
13,503
13,504
13,505
13,506
13,507
13,508
13,509
13,510
13,511
13,512
13,513
13,514
13,515
13,516
13,517
13,518
13,519
13,520
13,521
13,522
13,523
13,524
13,525
13,526
13,527
13,528
13,529
13,530
13,531
13,532
13,533
13,536
13,537
13,538
13,539
13,540
13,541
13,542
13,543
13,544
13,545
13,546
13,547
13,548
13,549
13,551
13,552
13,553
13,554
13,555
13,557
13,558
13,559
13,560
13,561
13,562
13,563
13,564
13,565
13,566
13,567
13,568
13,570
13,571
13,572
13,573
13,574
13,575
13,576
13,577
13,578
13,579
13,580
13,582
13,583
13,584
13,585
13,586
13,590
13,593
13,596
13,597
13,598
13,599
13,600
13,603
13,604
13,605
13,606
13,607
13,608
13,609
13,611
13,612
13,613
13,614
13,615
13,616
13,619
13,620
13,621
13,623
13,624
13,625
13,626
13,627
13,628
13,629
13,630
13,631
13,632
13,633
13,639
13,640
13,641
13,642
13,643
13,644
13,645
13,646
13,647
13,648
13,649
13,650
13,651
13,652
13,653
13,654
13,658
13,659
13,660
13,661
13,662
13,666
13,667
13,668
13,672
13,673
13,674
13,675
13,676
13,678
13,679
13,680
13,681
13,683
13,684
13,685
13,686
13,687
13,688
13,689
13,690
13,695
13,697
13,699
13,700
13,701
13,702
13,703
13,704
13,705
13,706
13,707
13,708
13,709
13,711
13,712
13,713
13,714
13,715
13,716
13,717
13,718
13,719
13,720
13,721
13,722
13,723
13,724
13,725
13,726
13,727
13,728
13,729
13,730
13,731
13,732
13,735
13,736
13,737
13,738
13,739
13,740
13,741
13,742
13,743
13,744
13,745
13,746
13,747
13,748
13,749
13,750
13,751
13,752
13,753
13,754
13,755
13,758
13,759
13,760
13,761
13,762
13,763
13,764
13,765
13,766
13,767
13,768
13,769
13,770
13,771
13,772
13,773
13,774
13,775
13,776
13,777
13,778
13,779
13,780
13,781
13,782
13,783
13,784
13,785
13,786
13,787
13,788
13,789
13,790
13,791
13,792
13,793
13,794
13,795
13,796
13,797
13,798
13,799
13,803
13,804
13,806
13,807
13,808
13,809
13,810
13,811
13,812
13,813
13,814
13,815
13,816
13,817
13,818
13,819
13,820
13,821
13,824
13,825
13,826
13,827
13,828
13,829
13,830
13,831
13,833
13,834
13,836
13,837
13,838
13,839
13,840
13,841
13,845
13,846
13,847
13,848
13,849
13,850
13,851
13,852
13,853
13,854
13,855
13,857
13,858
13,859
13,860
13,861
13,862
13,863
13,864
13,865
13,866
13,867
13,868
13,869
13,870
13,871
13,872
13,874
13,875
13,876
13,879
13,880
13,881
13,882
13,883
13,884
13,885
13,886
13,887
13,888
13,889
13,890
13,891
13,892
13,893
13,894
13,895
13,896
13,898
13,899
13,900
13,901
13,902
13,903
13,904
13,905
13,906
13,907
13,908
13,909
13,911
13,912
13,913
13,914
13,915
13,916
13,917
13,918
13,919
13,920
13,921
13,922
13,923
13,924
13,925
13,926
13,927
13,928
13,929
13,930
13,931
13,932
13,933
13,934
13,935
13,936
13,937
13,938
13,939
13,940
13,941
13,942
13,943
13,944
13,945
13,946
13,947
13,948
13,949
13,950
13,951
13,952
13,953
13,954
13,955
13,956
13,957
13,958
13,959
13,960
13,961
13,962
13,963
13,964
13,965
13,966
13,967
13,968
13,969
13,970
13,971
13,974
13,975
13,976
13,977
13,978
13,979
13,980
17,41
17,56
17,61
17,62
17,108
17,133
17,171
17,172
17,173
17,174
17,175
17,176
17,177
17,178
17,180
17,181
17,182
17,183
17,188
17,193
17,195
17,199
17,200
17,203
17,219
17,256
17,258
17,323
17,324
17,327
17,346
17,413
17,415
17,416
17,491
17,492
17,493
17,495
17,496
17,498
17,499
17,500
17,501
17,503
17,506
17,511
17,539
17,541
17,556
17,557
17,559
17,560
17,563
17,569
17,698
17,710
17,711
17,730
17,731
17,794
17,795
17,796
17,797
17,798
17,801
17,803
17,806
17,808
17,809
17,822
17,832
17,835
17,842
17,843
17,885
17,902
17,904
17,907
17,908
17,909
18,1
18,3
18,4
18,7
18,42
18,43
18,44
18,45
18,46
18,54
18,57
18,60
18,65
18,66
18,85
18,91
18,103
18,107
18,109
18,110
18,111
18,112
18,113
18,115
18,117
18,118
18,122
18,125
18,130
18,132
18,134
18,163
18,179
18,184
18,187
18,194
18,201
18,202
18,216
18,217
18,218
18,220
18,221
18,228
18,230
18,232
18,233
18,234
18,235
18,236
18,238
18,254
18,257
18,259
18,260
18,266
18,301
18,316
18,318
18,319
18,320
18,326
18,328
18,329
18,330
18,331
18,334
18,337
18,342
18,343
18,349
18,414
18,417
18,426
18,427
18,428
18,429
18,431
18,433
18,436
18,439
18,442
18,447
18,454
18,464
18,465
18,471
18,477
18,486
18,489
18,494
18,497
18,502
18,504
18,505
18,507
18,508
18,526
18,529
18,533
18,536
18,537
18,540
18,542
18,550
18,551
18,558
18,561
18,564
18,566
18,568
18,570
18,572
18,575
18,576
18,579
18,587
18,594
18,602
18,612
18,613
18,614
18,616
18,617
18,626
18,628
18,630
18,632
18,633
18,634
18,635
18,637
18,692
18,696
18,712
18,713
18,720
18,721
18,722
18,723
18,724
18,726
18,727
18,728
18,729
18,733
18,748
18,753
18,754
18,755
18,802
18,804
18,805
18,807
18,810
18,811
18,813
18,814
18,815
18,816
18,819
18,844
18,877
18,879
18,882
18,886
18,889
18,891
18,893
18,897
18,898
18,899
18,901
18,906
18,920
18,923
18,928
18,930
18,933
18,935
18,937
18,940
18,947
18,950
18,951
18,957
18,969
18,972
18,973
18,974
18,975
18,976
18,978
19,2
19,5
19,6
19,8
19,9
19,10
19,11
19,12
19,13
19,14
19,15
19,16
19,17
19,18
19,19
19,20
19,21
19,22
19,23
19,24
19,25
19,26
19,27
19,28
19,29
19,30
19,31
19,32
19,33
19,34
19,35
19,36
19,37
19,38
19,39
19,40
19,47
19,48
19,49
19,50
19,51
19,52
19,53
19,55
19,58
19,59
19,63
19,64
19,67
19,68
19,69
19,70
19,71
19,72
19,73
19,74
19,75
19,76
19,77
19,78
19,79
19,80
19,81
19,82
19,83
19,84
19,86
19,87
19,88
19,89
19,90
19,92
19,93
19,94
19,95
19,96
19,97
19,98
19,99
19,100
19,101
19,102
19,104
19,105
19,106
19,114
19,116
19,119
19,120
19,121
19,123
19,124
19,126
19,127
19,128
19,129
19,131
19,135
19,136
19,137
19,138
19,139
19,140
19,141
19,142
19,143
19,144
19,145
19,146
19,147
19,148
19,149
19,150
19,151
19,152
19,153
19,154
19,155
19,156
19,157
19,158
19,159
19,160
19,161
19,162
19,164
19,165
19,166
19,167
19,168
19,169
19,170
19,185
19,186
19,189
19,190
19,191
19,192
19,196
19,197
19,198
19,204
19,205
19,206
19,207
19,208
19,209
19,210
19,211
19,212
19,213
19,214
19,215
19,222
19,223
19,224
19,225
19,226
19,227
19,229
19,231
19,237
19,239
19,240
19,241
19,242
19,243
19,244
19,245
19,246
19,247
19,248
19,249
19,250
19,251
19,252
19,253
19,255
19,261
19,262
19,263
19,264
19,265
19,267
19,268
19,269
19,270
19,271
19,272
19,273
19,274
19,275
19,276
19,277
19,278
19,279
19,280
19,281
19,282
19,283
19,284
19,285
19,286
19,287
19,288
19,289
19,290
19,291
19,292
19,293
19,294
19,295
19,296
19,297
19,298
19,299
19,300
19,302
19,303
19,304
19,305
19,306
19,307
19,308
19,309
19,310
19,311
19,312
19,313
19,314
19,315
19,317
19,321
19,322
19,325
19,332
19,333
19,335
19,336
19,338
19,339
19,340
19,341
19,344
19,345
19,347
19,348
19,350
19,351
19,352
19,353
19,354
19,355
19,356
19,357
19,358
19,359
19,360
19,361
19,362
19,363
19,364
19,365
19,366
19,367
19,368
19,369
19,370
19,371
19,372
19,373
19,374
19,375
19,376
19,377
19,378
19,379
19,380
19,381
19,382
19,383
19,384
19,385
19,386
19,387
19,388
19,389
19,390
19,391
19,392
19,393
19,394
19,395
19,396
19,397
19,398
19,399
19,400
19,401
19,402
19,403
19,404
19,405
19,406
19,407
19,408
19,409
19,410
19,411
19,412
19,418
19,419
19,420
19,421
19,422
19,423
19,424
19,425
19,430
19,432
19,434
19,435
19,437
19,438
19,440
19,441
19,443
19,444
19,445
19,446
19,448
19,449
19,450
19,451
19,452
19,453
19,455
19,456
19,457
19,458
19,459
19,460
19,461
19,462
19,463
19,466
19,467
19,468
19,469
19,470
19,472
19,473
19,474
19,475
19,476
19,478
19,479
19,480
19,481
19,482
19,483
19,484
19,485
19,487
19,488
19,490
19,509
19,510
19,512
19,513
19,514
19,515
19,516
19,517
19,518
19,519
19,520
19,521
19,522
19,523
19,524
19,525
19,527
19,528
19,530
19,531
19,532
19,534
19,535
19,538
19,543
19,544
19,545
19,546
19,547
19,548
19,549
19,552
19,553
19,554
19,555
19,562
19,565
19,567
19,571
19,573
19,574
19,577
19,578
19,580
19,581
19,582
19,583
19,584
19,585
19,586
19,588
19,589
19,590
19,591
19,592
19,593
19,595
19,596
19,597
19,598
19,599
19,600
19,601
19,603
19,604
19,605
19,606
19,607
19,608
19,609
19,610
19,611
19,615
19,618
19,619
19,620
19,621
19,622
19,623
19,624
19,625
19,627
19,629
19,631
19,636
19,638
19,639
19,640
19,641
19,642
19,643
19,644
19,645
19,646
19,647
19,648
19,649
19,650
19,651
19,652
19,653
19,654
19,655
19,656
19,657
19,658
19,659
19,660
19,661
19,662
19,663
19,664
19,665
19,666
19,667
19,668
19,669
19,670
19,671
19,672
19,673
19,674
19,675
19,676
19,677
19,678
19,679
19,680
19,681
19,682
19,683
19,684
19,685
19,686
19,687
19,688
19,689
19,690
19,691
19,693
19,694
19,695
19,697
19,699
19,700
19,701
19,702
19,703
19,704
19,705
19,706
19,707
19,708
19,709
19,714
19,715
19,716
19,717
19,718
19,719
19,725
19,732
19,734
19,735
19,736
19,737
19,738
19,739
19,740
19,741
19,742
19,743
19,744
19,745
19,746
19,747
19,749
19,750
19,751
19,752
19,756
19,757
19,758
19,759
19,760
19,761
19,762
19,763
19,764
19,765
19,766
19,767
19,768
19,769
19,770
19,771
19,772
19,773
19,774
19,775
19,776
19,777
19,778
19,779
19,780
19,781
19,782
19,783
19,784
19,785
19,786
19,787
19,788
19,789
19,790
19,791
19,792
19,793
19,799
19,800
19,812
19,817
19,818
19,820
19,821
19,823
19,824
19,825
19,826
19,827
19,828
19,829
19,830
19,831
19,833
19,834
19,836
19,837
19,838
19,839
19,840
19,841
19,845
19,846
19,847
19,848
19,849
19,850
19,851
19,852
19,853
19,854
19,855
19,856
19,857
19,858
19,859
19,860
19,861
19,862
19,863
19,864
19,865
19,866
19,867
19,868
19,869
19,870
19,871
19,872
19,873
19,874
19,875
19,876
19,878
19,880
19,881
19,883
19,884
19,887
19,888
19,890
19,892
19,894
19,895
19,896
19,900
19,903
19,905
19,910
19,911
19,912
19,913
19,914
19,915
19,916
19,917
19,918
19,919
19,921
19,922
19,924
19,925
19,926
19,927
19,929
19,931
19,932
19,934
19,936
19,938
19,939
19,941
19,942
19,943
19,944
19,945
19,946
19,948
19,949
19,952
19,953
19,954
19,955
19,956
19,958
19,959
19,960
19,961
19,962
19,963
19,964
19,965
19,966
19,967
19,968
19,970
19,971
19,977
19,979
19,980
